Original Link,Resolved CID
Heraldry,bafkreihtzp2a2wxcaysagoimxa4zquki2relmzkolw6hhaa3spbixirhiq
Mediterranean,bafkreiga6bjztlzbjdfbxspnuboimwnhyvgrmad2u4t6gbbaxu6u7jhvsu
Astronomy,bafybeigx4a6jgq4flpdh35rt4x5sc6fayno7wed43ezkircgqfzff7mkmm
Culture,bafkreibaosesvny3gvnr735so3irxqqbzh5w5jyijz6qcufxpajaxhjbhm
Mughal_Empire,bafybeicajacpwkchhbingxfifbjef34dmktlq53isb3t2ppus7dkwa45nm
Philosophy,bafybeiguf52lh3ikt43lyvblc3qjvmm7pvzuyacpz2gynri2twws4pj6ie
Renewable_energy,bafybeig5ere2wl3xmwhejxrewhohriye7c45ls5uszgcubxaxhtyt3wvty
Painting,bafkreihfelal77bc3vikqcvy5mgay5z4xapucntp2lkpl4zxgipihmnkha
Cartography,bafkreianvb4ks6ongohrboodyu4a7bpvkpyym6jearm6ixc2j546w2vl5i
Badminton,bafkreicass5hfwlrweck4s4w4w2m5nuqs2kcj36gfn2h6c5tljnqnrbxg4
Applied_mathematics,bafkreihlcb7zr43khzsuci6dqgt4qxxmdbqko2kswofzo6duz7x4c747se
Archaeology,bafybeibmy62zigp7w2mvxb3zxk54cnhbd6a3fevsjztosqv2muubfnfqwy
Social_sciences,bafkreidfwfgbqtyvzyubcwmxoo2idjmrfq5uk77g2x4a77dhgcvmixw2jq
Ancient_Greece,bafkreietwg7j53iwo6w66rafhsy6ugpazaosn3ulhuln5c7fybnv5kjuca
Theatre,bafybeieqaiilq5grdjcho63t6jvw6rftvv7pwn4rnlzn7qbyymhwxe3mea
Sculpture,bafybeigd6ygdhiehkqxpyqe67pijqh7s2zakvqmhks7r5v7c37txtw2bjy
Rugby_union,bafybeidzes2jfwcg6rvdwo2gcwwjersmgq77qzppxnp5mxrun7usfckdre
Byzantine_Empire,bafybeicutl4ft5vo3b56eg36txhk4qkxy2yofj4eunzsy6afxl4dnazqzi
Telecom,bafkreigzt4oe7nyn2jdnlatyyq2wj42j2rreyquw2pqc5q5jjmadpk2zdi
Philosophy_of_science,bafybeicece3sffaoqf7zrlsc6cs2iemsliqhijp2pcnnjgjhyq74htbfie
Free_and_open-source,bafkreiagprcpui3i76ozddbfg4fkju4ayzrahbizd4spg333o4nhoweb7a
Caribbean,bafybeibp7okqaqwslxdrwsy52l4jl6csrip7325n336vchgh4uhndwr3hu
Antarctica,bafybeiecvlncjoc4busnxmyfimwhdjieaqtahfoqlrt7xg3xnkcityo4qq
Freedom_of_speech,bafkreidtopnb6ewmsmod7yttsvwjw2t7qbn4en6sxepodzxlampxv2uw4i
Social_work,bafkreici47dwg6blzdlsq2umki7ffruoiqgmrivyt4xqi7dzrzsmircujq
Death,bafybeigb2sngoz4wk7ih5g7kc5sxqwavs72bo4en72nvenbqnpvmic66oq
Design,bafybeicjmga6chb2z76dp45jz6v64vhwq6xtrgxiclzjg3yhh3nvizr2eq
Social_movement,bafkreig3exvylqtlvrut76fnqppkv6a7tso4q4lw26wh4jjvkhkz6kcc24
Transport,bafybeiefovbxyr33vvfa7efvvyfvxzz3er5p24oyiipgzfy4motbmuxjky
Earth_sciences,bafkreig5weuu56yzjcqv6ztqhlty2hsc6cglhere2mwu25nxos3ok6ssge
South_America,bafybeigacq5h44qkbaulxtjm4sxjwejutxzq3vcif4g36teubsftevbi2y
Swimming,bafybeielfnaz24xm3rgglnfn3hg646pnbt3xddafgoa3y2jjz7jxiha5a4
Paralympics,bafkreieeb3vkxfmqeyptadtmxrfeozfaotknc2ztdhd4ginael4ohle53u
American_football,bafybeiaum2pix77a3u3scyoaeywbzsisvgxbgknsjkbxaukgrtfyl7znai
Dance,bafybeiadf5qq4dvfxfhupcut666sd5grstoetn6exivgxb5k3y3uite624
Fashion,bafybeihbugyii5lqk3drrn7i3sw56c7sra2jj32tl2mdhxz24zz2sn6y6e
Sustainable_development,bafybeicyndgmg5o5tk5toxo6mv5qmnp4saxj2isfzg7mxqkqikstp2tbg4
History_of_science,bafybeidsmaiz37uzkjellvso373xauzhe7tqxqcjkovsv2tvpeqzs6ocyu
Photography,bafkreicsojwhghs2ccamsbxsir53o5z7qqiem2kqd3gpscn6kzsc2pc3pu
Ancient_Rome,bafybeifghmc3r2otlsxuw6f4lktpqvrvzbdp6lcvtpeybnyizgzfubiowe
Medicine,bafkreibm5dhj2qjs2ukihlo5ptgpmyt5cz2ap6wzooxmrtcup6qj74ucly
Middle_Ages,bafybeietl43hw6dbtwwplvhkpcnplnasoryt5ebpwre32jogbpmvrc3moy
Sport_of_athletics,bafkreifekcwwirpprrthvoznsjndzaffubx6vb63a3nxtiyvnrfewpiuem
Kiwix,bafkreicpbil34oo7kfcxgag5trz5i4iyjlodawxrdyatanwa35zibmcqde
Crusades,bafybeicvts5jvrx45sgkabmvayryz7zkiu2ahm5e46gyaqeeg62r367npy
Veterinary_medicine,bafkreigigstu24p7jibuojcma4d74iv7xoo7kjfhzntchdn2tibzh5yrtu
Soviet_Union,bafybeicklgdcdhsmr67jiy7o2if5izttuquj7xubmyzoutfwzqkoxk5rhi
Central_America,bafybeighihuunln3bdfnhbsmo5ub454rbmz75wmu24iia3abmjnwntrso4
Chemistry,bafybeibvnnb57y6rfdhmelvu6pgkrut7d4qu3cw5pdtf4hfrjj4rhgwytm
Politics,bafkreifn2jagnycsojzkfcvo6s5q3zmpniffknm2b53zaklwy4qi4eqnze
History_of_China,bafybeigj3z7pw7eqlabbzyo7p625qhwp2s55ritaozmttxvfj574t63euq
Dentistry,bafkreighxmylrcncg5ycpgtfqy4phpgyo252y5jj7sqpas7jvlg4ti4kl4
Cinematography,bafkreiar2newm4puhxhvvudvjtxrj4hmwkfei555nccb56jutsldy4lq3m
Online_encyclopedia,bafkreifwlxajb762pytg26vwy423exvkpmzix75ttpsuw4rqyev3vpacnm
Infrastructure,bafkreide3o6bgp42slp2vsbbmmv3dqklbwt5zl3uydwriaafrsffh2ox4y
Electronics,bafkreibhsehld67zrmuhuubc3tsd5aqag5l7rkke5hbm3iyiteszruilbm
Spaceflight,bafkreichq6sq5q2uxklecvjeqd45zdfmweboamucwcykr2a4h4frtum2mi
Gymnastics,bafybeib4apsbjzk2k44khpmi4ygyzajpjnvhjnrzytgfxv3jhtsehxmb6q
Nursing,bafkreiaug6l77k5mqdxth57fllg4yvp5zr35yldds2rgarrh2m7fpkabmu
Wikipedia,bafybeifdlnu7oldpn65eyf7xocinzxor4yfokoynnb52gn2bbysctqqmgy
Religion,bafybeiguyishfbvop2ngraybcpkbhcfq2kvywmfiutdb5cszxetfxjsd74
Sasanian_Empire,bafybeihucn3umbhdd4dehhn3lutldgzdnmjeqibxgdcnspq3h3nglyjtsi
English_Wikipedia,bafkreicklhckvlekjtzvkqjahmserqoqkd66nlt7kik3niiju4j6xzhc6m
Professional_wrestling,bafkreibsr75daxyqijo4fupemhaxi3tiznkosssz7piflk5ql6jzbsg2yi
Energy,bafkreifha2bvmmy6xyhzvdnybtyzqj2yn3yad7t6ucfmqn6yy4mjxki76m
Radio,bafybeigpybb7hr4viwfiydg3skbfm565irlfqmu6en5eazqgq4x23tibha
Ancient_Near_East,bafkreievej3jwbbhqxfssqoufwmvmortolgzzya6tshx7fioqahotpy62y
Ancient_Egypt,bafybeicwtkbeaf4pfmiik3ctj5lknbb2g24qc74munbtfiiu3jtb5leuky
Forensics,bafkreiau5ifzivayoccvzsk6tqb5gly5jftsr5vgehabhzf3hs24encb4i
Optics,bafkreib7lmulvj3vhjgrnr6krpgq7s7vrxfsqd4j5mxaricbcjelknzuqq
Ottoman_Empire,bafybeibp7g5lsn4cddslowkvvho3tfcmenyxxsc3doxwhmshuz55kg4cxq
Engineering,bafybeiho4hxlifxrzblijrxbbxpdzfvhmjymtylfucunwo47cojwttsp4u
Literature,bafkreieqyzpyhffr662sosb76ipbhapkbgllwxqwj6nkcsnhqkohemyfz4
Software,bafkreiesiwwrkbdcyemggqg4zcpog3ojjetfoye5ah6vjpbxiv5o6ss2jm
Information_technology,bafkreig3kcjxbcaedype3xxk5fmo3r4gtq635y6pdxfkw3wgbkkxjkpkey
Wikimedia_foundation,bafkreicf33tn5nz3ygmzcpgrmrwxuc5ybfdb52yz3zqwppmdwlb2iyo3pe
Music,bafybeiczxh7icfnzpqphhunoitr7hepgg4x4imjgmsa36y4zyxmdcqgoty
Arctic,bafybeiftcxj7evlneqsvqjf5ccn4qolshgyxyovjktwknxprjqkgrhli5i
Trains,bafkreigkjvrmz5i4ow6inhukrlfxpyj4poxl4t62azfuedrrgrv6hehwyq
War,bafybeifp62cba7oc2bbwvxsrspzof2xg7hqoacp2taqmzatloxojzisxtu
Internet,bafybeia73zcylj2bdxjl2omftjo5fpbysafr53m3g2qq6xik6tbaeqh3yu
Asian_Games,bafkreigjxzxfznksxxxr2cve4z2zctfcsqzzq25dqdabxhci7zkhbqtxsi
Tennis,bafybeicnslg6qytlyu7begfitjzaq7qfuy5ptg5jpbzgo7dl2m73jqyjvm
Motorcycle_sport,bafkreibwj4rkqf3abhrp4dflbtguxiognxlhdxcsk6kqvkrj2kluq5pzja
Architecture,bafkreicc2cshwe6bshig26jonbzloyypbhc22qpmf2plkq32ncd6f4acve
Wikimedia_Foundation,bafybeifl5wout32lhdr7soeuowasd7mzqnmeon5472or4bgh56ek4lwmnm
Martial_arts,bafkreid5mw5xa23iufl7qfqbjrdmvorw2dokfg6myugfify4f555ekf64i
British_Empire,bafybeidzal4umxqa7umpl7djtl25qpdnkxrdywaewsa776uvhoqxppfs5i
History_of_Japan,bafybeibyttw6doftqd3ce5njh26nftstq5nmdx2f5ahl2lcqwbelcjyg7e
Biography,bafkreiabbn4qbe6jnljoyb42j47px7jp53fh4pjflea42ndkhmm4gfl2ua
Commonwealth_Games,bafybeifj6p66tdooqtczydvz2achnmv47exyxrkl5gik6kivjr5vtiayfu
Biotechnology,bafkreifvlakudnv6tvn7x6qky5b72yt7epoebg4uhv62czlz6shmu6c5ze
Gastronomy,bafkreid3raeaeaa7aoyfarerrcov4hqi5nejvt6gj53zda2b36ki7t6ktm
Human_rights,bafybeigg2gb2rmynwef6jy5rlkxewitd2n3fzztgm2hfke7gcljwyrpt6m
North_America,bafybeifoanztiwsapipqjda4fe44dgqkamfuccegxp2tys6vd6iuumsjzy
Russian_Empire,bafybeiewp2d4wvhhhiy2pnlscm4jvah764jn472cyjpt6ovqu6632n7tj4
Africa,bafybeicysbsujtlq2d7ygbab47lywcb7vehx64zwv4etis6hom45iorjwm
Indian_independence_movement,bafybeifhx4g7fzvzo63m4wzfnhowl7gxgjnw6durc4p7v475mtluf5gjge
Middle_East,bafkreidpf3g2m4dkb3o5azlr5sqc2nttrwtpr7n2nkuiv4v3xf5wofqu2q
Community,bafybeicdi3jnwjuxpgaibvnkti4q323dpcyn2ywq4ichbr46ozxrqbzaq4
Poetry,bafybeifxzybzddritaeg5ew62ezazsd6pzk3crfoxea2h4cshno77y4niy
Education,bafybeidzsa2ep2cdyjbkuxrbbasw4tnijgttqvjgcy2vnhdue4laia342e
Seljuk_Empire,bafybeifb6o2xru54blmmmpxxnpjc3nlxhv5li6u3m2gygb75ec2u3bkvbq
Oceania,bafybeidpak543d3t4bm3sma2q6s4rdrxsech7yfs36mephn5uv4ryxoxny
Colonialism,bafybeihhnw6mtx3zh6lamqtju5myxrisiwuv5jf7zr6mkf5xlvryauzo64
Aviation,bafybeiguutd2s2mnfyqacv2ibyxxoopbz5e4p7pavoohd6vgu4j3b2xria
Rugby_league,bafkreihc3koc65musc5uy4i4yj47rwmrdmpjcislr6q3qhmkbiedb5gfje
Reference_work,bafkreifgzgb7z37xo6c5khmthcd56hpsajwe3p4was4rmnkgpevglarcoe
Films,bafkreiewfljpif5abiyb426r5egdmr2jvdveevdih4gib5uqxz2r5azc4i
Cricket,bafybeihdnmeqxk734v3j3ihjc67yl46azs5e5xsn4l2niqkfokbdt3ry3y
Pharmacy,bafkreica3f6wrfp2gn2lkdkuonzmhuvp5y4y5mtombsmgikxbu7p4ons6m
Baseball,bafybeiat7srngnhtm2wtuuuwr32mfjpe7d2hrzwjqtddi37djajh6vq2si
Nanotechnology,bafkreia7rlhabitm3dwwffk6fdukxtvqofoew554dah3k2k7aw33kbbphq
Olympics,bafkreiebmh2hd4wufmvjsmf25nqsfv26nhpljc2dg27obflrhn2pwgowqq
Robotics,bafkreihhxxmk7247qyhnbiiy7nz4g5ikxu7i5tufxo67ix4dkkqtqta7s4
Basketball,bafybeidifd5rlwhsgvmec6lp7tq75ut4dewrnkrt5gql3tdku5x6gv7ax4
Books,bafkreicpiiacnnnhfxdvxdh6i5pwr44y6gnwmuyxqijeuyz6z5kfim5sbe
Latin_America,bafybeigakdeepm5egrrt2b4ycqw27rko4jvhhdjmxzwqf6tyzxhgtnhcoi
Agriculture,bafybeibvu7brgdrhwtfb7mrkcmulcbm4jgdeszxytlvqqni5uknw56rlyq
Biology,bafkreibfasflwxed5wqcrgas2r2jqgbghmjxxlftmem4xzda57mqultdgq
Magic_(illusion),bafybeidu6325t2jiehsl7um2gc2thqpstcfwxxeiyjdfh52u6a6wv7gf2m
Association_football,bafybeidfsjiyb25bvqqvaa2km637dbbount23tqruedwyt46pts73w4o2m
Asia,bafybeifsp3h3ljosamcwkzsxpda4ztadnn6xgvwbjnzh2hbuc533vbksky
Physics,bafybeiakpywysfoqnlod4asnqind5vtlyp4yackgyr4znbm562q3mhoqjm
Europe,bafybeia5jruxqtd3faebltvehju5ydaa4tog7ewvibpvf6bnlk7jbbi2b4
Computer_science,bafkreihvrnp2g2q4plr77tngemqypa5eydahigrgtkcss77losq3t3qdka
Law,bafybeif2vlh7d47hdanh4dkdymumafvyxh6ohlvvaxvlijm5mv755qb3gy
